{
"id": "SCENARIO_scenario_e6c9e283-082a-43cc-a69c-d351323312e0",
"config_id": "scenario",
"tasks": [
"TASK_build_msg_pos_68ec79ff-0f96-4dd6-8058-3775effcfeea",
"TASK_build_msg_accel_a1b4730d-8b33-4852-90b1-07f42df84ade",
"TASK_build_msg_73ca053d-7531-4f7e-9958-4e8b32afc879",
"TASK_build_msg_epo_6a7ec57e-bdd0-4f16-a261-067d2b9fafa0",
"TASK_build_msg_vel_ffad637d-cccb-450c-91ea-35097f89b096"
],
"additional_data_nodes": [],
"properties": {},
"creation_date": "2024-01-28T02:03:53.917807",
"primary_scenario": false,
"subscribers": [],
"tags": [],
"version": "b737f3f7-b07a-477f-92b0-746bb6b8e349",
"sequences": null,
"cycle": null
}