{
"id": "SCENARIO_scenario_bead3d06-71ea-4e21-91ba-f261b12e8846",
"config_id": "scenario",
"tasks": [
"TASK_build_msg_accel_c46bfc7a-ea26-4ef4-a7e0-47e267f0f0aa",
"TASK_build_msg_epo_8582b776-003f-4d0d-9f25-118e2c7424da",
"TASK_build_msg_vel_3c650c7b-5c97-48eb-acd3-6a4987434137",
"TASK_build_msg_f0a8a006-743d-40b8-853f-1575ffb01a61",
"TASK_build_msg_pos_c168dfd7-4586-41cf-a855-af667d14ec3b"
],
"additional_data_nodes": [],
"properties": {},
"creation_date": "2024-01-29T10:37:48.621599",
"primary_scenario": false,
"subscribers": [],
"tags": [],
"version": "b737f3f7-b07a-477f-92b0-746bb6b8e349",
"sequences": null,
"cycle": null
}