{
"id": "SCENARIO_scenario_43738c13-fe64-4faf-86f0-dd8c63e9af37",
"config_id": "scenario",
"tasks": [
"TASK_build_msg_vel_6b97427e-0c23-4010-aaf2-df27dedf5c49",
"TASK_build_msg_epo_d1cd3928-4a8c-426b-a9e7-01bb037637f6",
"TASK_build_msg_pos_52493296-d455-4d8e-98bc-8553bbb63abc",
"TASK_build_msg_d3559fa1-3f06-4e66-b6a2-5c4efef1121c",
"TASK_build_msg_accel_45b1e83e-884b-43b8-98e9-1efa344185ac"
],
"additional_data_nodes": [],
"properties": {},
"creation_date": "2024-01-27T23:17:17.454829",
"primary_scenario": false,
"subscribers": [],
"tags": [],
"version": "b737f3f7-b07a-477f-92b0-746bb6b8e349",
"sequences": null,
"cycle": null
}