{
"id": "DATANODE_input_name4_374d8c5e-429a-4564-b56e-472d30e479cd",
"config_id": "input_name4",
"scope": "<Scope.SCENARIO: 1>",
"storage_type": "pickle",
"name": null,
"owner_id": "SCENARIO_scenario_43738c13-fe64-4faf-86f0-dd8c63e9af37",
"parent_ids": [
"TASK_build_msg_epo_d1cd3928-4a8c-426b-a9e7-01bb037637f6"
],
"last_edit_date": "2024-01-27T23:21:21.221732",
"edits": [
{
"timestamp": "2024-01-27T23:20:36.524381"
},
{
"timestamp": "2024-01-27T23:21:21.221732"
}
],
"version": "b737f3f7-b07a-477f-92b0-746bb6b8e349",
"validity_days": null,
"validity_seconds": null,
"edit_in_progress": false,
"editor_id": null,
"editor_expiration_date": null,
"data_node_properties": {
"is_generated": true
}
}