{
"id": "DATANODE_message3_48cac05d-476a-47f7-8995-a8889d6f74f9",
"config_id": "message3",
"scope": "<Scope.SCENARIO: 1>",
"storage_type": "pickle",
"name": null,
"owner_id": "SCENARIO_scenario_43738c13-fe64-4faf-86f0-dd8c63e9af37",
"parent_ids": [
"TASK_build_msg_pos_52493296-d455-4d8e-98bc-8553bbb63abc"
],
"last_edit_date": "2024-01-27T23:21:53.492975",
"edits": [
{
"job_id": "JOB_build_msg_pos_88617df8-aafd-4d6d-8d5f-be56b1a255ba",
"timestamp": "2024-01-27T23:20:45.174321"
},
{
"job_id": "JOB_build_msg_pos_b3fa8690-7aed-48a9-862f-a2f1ba07d1b4",
"timestamp": "2024-01-27T23:21:53.492975"
}
],
"version": "b737f3f7-b07a-477f-92b0-746bb6b8e349",
"validity_days": null,
"validity_seconds": null,
"edit_in_progress": false,
"editor_id": null,
"editor_expiration_date": null,
"data_node_properties": {
"is_generated": true
}
}