{
"id": "DATANODE_message2_db30637c-6cc0-46c2-9aca-10947b94d5e4",
"config_id": "message2",
"scope": "<Scope.SCENARIO: 1>",
"storage_type": "pickle",
"name": null,
"owner_id": "SCENARIO_scenario_e6c9e283-082a-43cc-a69c-d351323312e0",
"parent_ids": [
"TASK_build_msg_vel_ffad637d-cccb-450c-91ea-35097f89b096"
],
"last_edit_date": "2024-01-28T02:04:30.297434",
"edits": [
{
"job_id": "JOB_build_msg_vel_f412ae64-74c6-4525-a205-672b7bd2a4b3",
"timestamp": "2024-01-28T02:04:30.297434"
}
],
"version": "b737f3f7-b07a-477f-92b0-746bb6b8e349",
"validity_days": null,
"validity_seconds": null,
"edit_in_progress": false,
"editor_id": null,
"editor_expiration_date": null,
"data_node_properties": {
"is_generated": true
}
}