{
"id": "DATANODE_input_name_39aa2082-469e-4db3-85db-9d9f7aa0ee43",
"config_id": "input_name",
"scope": "<Scope.SCENARIO: 1>",
"storage_type": "pickle",
"name": null,
"owner_id": "SCENARIO_scenario_e6c9e283-082a-43cc-a69c-d351323312e0",
"parent_ids": [
"TASK_build_msg_accel_a1b4730d-8b33-4852-90b1-07f42df84ade",
"TASK_build_msg_73ca053d-7531-4f7e-9958-4e8b32afc879"
],
"last_edit_date": "2024-01-28T02:04:27.868092",
"edits": [
{
"timestamp": "2024-01-28T02:04:27.868092"
}
],
"version": "b737f3f7-b07a-477f-92b0-746bb6b8e349",
"validity_days": null,
"validity_seconds": null,
"edit_in_progress": false,
"editor_id": null,
"editor_expiration_date": null,
"data_node_properties": {
"is_generated": true
}
}