{
"id": "DATANODE_input_name4_9a3f2259-6ef7-460b-b472-778644c6bb43",
"config_id": "input_name4",
"scope": "<Scope.SCENARIO: 1>",
"storage_type": "pickle",
"name": null,
"owner_id": "SCENARIO_scenario_bead3d06-71ea-4e21-91ba-f261b12e8846",
"parent_ids": [
"TASK_build_msg_epo_8582b776-003f-4d0d-9f25-118e2c7424da"
],
"last_edit_date": "2024-01-29T10:38:55.753149",
"edits": [
{
"timestamp": "2024-01-29T10:38:08.303452"
},
{
"timestamp": "2024-01-29T10:38:55.753149"
}
],
"version": "b737f3f7-b07a-477f-92b0-746bb6b8e349",
"validity_days": null,
"validity_seconds": null,
"edit_in_progress": false,
"editor_id": null,
"editor_expiration_date": null,
"data_node_properties": {
"is_generated": true
}
}