{
"id": "DATANODE_message3_94efd2bf-861b-4993-b7ec-c755a2ea8b56",
"config_id": "message3",
"scope": "<Scope.SCENARIO: 1>",
"storage_type": "pickle",
"name": null,
"owner_id": "SCENARIO_scenario_e6c9e283-082a-43cc-a69c-d351323312e0",
"parent_ids": [
"TASK_build_msg_pos_68ec79ff-0f96-4dd6-8058-3775effcfeea"
],
"last_edit_date": "2024-01-28T02:04:29.337077",
"edits": [
{
"job_id": "JOB_build_msg_pos_ebd2334e-e92b-42aa-90ef-8023b8f89ac3",
"timestamp": "2024-01-28T02:04:29.337077"
}
],
"version": "b737f3f7-b07a-477f-92b0-746bb6b8e349",
"validity_days": null,
"validity_seconds": null,
"edit_in_progress": false,
"editor_id": null,
"editor_expiration_date": null,
"data_node_properties": {
"is_generated": true
}
}