{
"id": "DATANODE_message_dd675bca-2a16-4ea3-b3ff-6ec690eeede8",
"config_id": "message",
"scope": "<Scope.SCENARIO: 1>",
"storage_type": "pickle",
"name": null,
"owner_id": "SCENARIO_scenario_bead3d06-71ea-4e21-91ba-f261b12e8846",
"parent_ids": [
"TASK_build_msg_accel_c46bfc7a-ea26-4ef4-a7e0-47e267f0f0aa"
],
"last_edit_date": "2024-01-29T10:38:58.131395",
"edits": [
{
"job_id": "JOB_build_msg_accel_e174e4ca-5e84-4181-8ebf-b18236259bca",
"timestamp": "2024-01-29T10:38:09.513143"
},
{
"job_id": "JOB_build_msg_accel_5eee251e-ad26-4c4e-888d-8da714464167",
"timestamp": "2024-01-29T10:38:58.131395"
}
],
"version": "b737f3f7-b07a-477f-92b0-746bb6b8e349",
"validity_days": null,
"validity_seconds": null,
"edit_in_progress": false,
"editor_id": null,
"editor_expiration_date": null,
"data_node_properties": {
"is_generated": true
}
}