{
"id": "DATANODE_message_bd416617-69ba-456a-8ef6-5553a10f9bd3",
"config_id": "message",
"scope": "<Scope.SCENARIO: 1>",
"storage_type": "pickle",
"name": null,
"owner_id": "SCENARIO_scenario_e6c9e283-082a-43cc-a69c-d351323312e0",
"parent_ids": [
"TASK_build_msg_accel_a1b4730d-8b33-4852-90b1-07f42df84ade"
],
"last_edit_date": "2024-01-28T02:04:29.599829",
"edits": [
{
"job_id": "JOB_build_msg_accel_d244efa8-b995-492c-9a1b-e02e15c31518",
"timestamp": "2024-01-28T02:04:29.599829"
}
],
"version": "b737f3f7-b07a-477f-92b0-746bb6b8e349",
"validity_days": null,
"validity_seconds": null,
"edit_in_progress": false,
"editor_id": null,
"editor_expiration_date": null,
"data_node_properties": {
"is_generated": true
}
}