{
"id": "DATANODE_input_name2_752d77c8-dcdb-4baa-aefd-9234b31bb07f",
"config_id": "input_name2",
"scope": "<Scope.SCENARIO: 1>",
"storage_type": "pickle",
"name": null,
"owner_id": "SCENARIO_scenario_43738c13-fe64-4faf-86f0-dd8c63e9af37",
"parent_ids": [
"TASK_build_msg_vel_6b97427e-0c23-4010-aaf2-df27dedf5c49"
],
"last_edit_date": "2024-01-27T23:21:16.327110",
"edits": [
{
"timestamp": "2024-01-27T23:20:34.368214"
},
{
"timestamp": "2024-01-27T23:21:16.327110"
}
],
"version": "b737f3f7-b07a-477f-92b0-746bb6b8e349",
"validity_days": null,
"validity_seconds": null,
"edit_in_progress": false,
"editor_id": null,
"editor_expiration_date": null,
"data_node_properties": {
"is_generated": true
}
}