{
"id": "DATANODE_input_name3_65431a80-4aaf-427f-b2c5-48043d7dcbb4",
"config_id": "input_name3",
"scope": "<Scope.SCENARIO: 1>",
"storage_type": "pickle",
"name": null,
"owner_id": "SCENARIO_scenario_bead3d06-71ea-4e21-91ba-f261b12e8846",
"parent_ids": [
"TASK_build_msg_pos_c168dfd7-4586-41cf-a855-af667d14ec3b"
],
"last_edit_date": "2024-01-29T10:38:55.432639",
"edits": [
{
"timestamp": "2024-01-29T10:38:08.135354"
},
{
"timestamp": "2024-01-29T10:38:55.432639"
}
],
"version": "b737f3f7-b07a-477f-92b0-746bb6b8e349",
"validity_days": null,
"validity_seconds": null,
"edit_in_progress": false,
"editor_id": null,
"editor_expiration_date": null,
"data_node_properties": {
"is_generated": true
}
}