{
"id": "DATANODE_message4_5f253f6c-c98e-49eb-ac91-cd2de5419487",
"config_id": "message4",
"scope": "<Scope.SCENARIO: 1>",
"storage_type": "pickle",
"name": null,
"owner_id": "SCENARIO_scenario_43738c13-fe64-4faf-86f0-dd8c63e9af37",
"parent_ids": [
"TASK_build_msg_epo_d1cd3928-4a8c-426b-a9e7-01bb037637f6"
],
"last_edit_date": "2024-01-27T23:21:46.943289",
"edits": [
{
"job_id": "JOB_build_msg_epo_57b19920-cda5-4bf7-a79e-da66a1fd60e3",
"timestamp": "2024-01-27T23:20:43.945995"
},
{
"job_id": "JOB_build_msg_epo_91ce1acb-f04a-4414-a758-2cdf3c11dc38",
"timestamp": "2024-01-27T23:21:46.943289"
}
],
"version": "b737f3f7-b07a-477f-92b0-746bb6b8e349",
"validity_days": null,
"validity_seconds": null,
"edit_in_progress": false,
"editor_id": null,
"editor_expiration_date": null,
"data_node_properties": {
"is_generated": true
}
}