{
"id": "DATANODE_loading_message_bd33ec6d-a300-478a-9181-c695871bb411",
"config_id": "loading_message",
"scope": "<Scope.SCENARIO: 1>",
"storage_type": "pickle",
"name": null,
"owner_id": "SCENARIO_scenario_e6c9e283-082a-43cc-a69c-d351323312e0",
"parent_ids": [
"TASK_build_msg_73ca053d-7531-4f7e-9958-4e8b32afc879"
],
"last_edit_date": "2024-01-28T02:04:29.820812",
"edits": [
{
"job_id": "JOB_build_msg_7f2e6d42-667b-49c8-9342-d79c5afc87bf",
"timestamp": "2024-01-28T02:04:29.820812"
}
],
"version": "b737f3f7-b07a-477f-92b0-746bb6b8e349",
"validity_days": null,
"validity_seconds": null,
"edit_in_progress": false,
"editor_id": null,
"editor_expiration_date": null,
"data_node_properties": {
"is_generated": true
}
}