{
"id": "DATANODE_input_name2_a9dca5ae-9a10-4e4b-a618-aacd114a3950",
"config_id": "input_name2",
"scope": "<Scope.SCENARIO: 1>",
"storage_type": "pickle",
"name": null,
"owner_id": "SCENARIO_scenario_e6c9e283-082a-43cc-a69c-d351323312e0",
"parent_ids": [
"TASK_build_msg_vel_ffad637d-cccb-450c-91ea-35097f89b096"
],
"last_edit_date": "2024-01-28T02:04:28.040528",
"edits": [
{
"timestamp": "2024-01-28T02:04:28.040528"
}
],
"version": "b737f3f7-b07a-477f-92b0-746bb6b8e349",
"validity_days": null,
"validity_seconds": null,
"edit_in_progress": false,
"editor_id": null,
"editor_expiration_date": null,
"data_node_properties": {
"is_generated": true
}
}