{
"id": "DATANODE_input_name2_b6507384-c8ac-4593-a731-6ead3b527894",
"config_id": "input_name2",
"scope": "<Scope.SCENARIO: 1>",
"storage_type": "pickle",
"name": null,
"owner_id": "SCENARIO_scenario_bead3d06-71ea-4e21-91ba-f261b12e8846",
"parent_ids": [
"TASK_build_msg_vel_3c650c7b-5c97-48eb-acd3-6a4987434137"
],
"last_edit_date": "2024-01-29T10:38:55.016259",
"edits": [
{
"timestamp": "2024-01-29T10:38:07.950928"
},
{
"timestamp": "2024-01-29T10:38:55.016259"
}
],
"version": "b737f3f7-b07a-477f-92b0-746bb6b8e349",
"validity_days": null,
"validity_seconds": null,
"edit_in_progress": false,
"editor_id": null,
"editor_expiration_date": null,
"data_node_properties": {
"is_generated": true
}
}