{
"id": "DATANODE_message4_261ef40d-55c8-4541-ae86-3a47a7307ba0",
"config_id": "message4",
"scope": "<Scope.SCENARIO: 1>",
"storage_type": "pickle",
"name": null,
"owner_id": "SCENARIO_scenario_bead3d06-71ea-4e21-91ba-f261b12e8846",
"parent_ids": [
"TASK_build_msg_epo_8582b776-003f-4d0d-9f25-118e2c7424da"
],
"last_edit_date": "2024-01-29T10:38:58.643524",
"edits": [
{
"job_id": "JOB_build_msg_epo_3dbdb900-9360-4138-84d3-db522ff00131",
"timestamp": "2024-01-29T10:38:09.769263"
},
{
"job_id": "JOB_build_msg_epo_70daae4d-5134-4a72-b697-859b1859289a",
"timestamp": "2024-01-29T10:38:58.643524"
}
],
"version": "b737f3f7-b07a-477f-92b0-746bb6b8e349",
"validity_days": null,
"validity_seconds": null,
"edit_in_progress": false,
"editor_id": null,
"editor_expiration_date": null,
"data_node_properties": {
"is_generated": true
}
}