{
"id": "DATANODE_loading_message_c68e97f2-8c27-4ec8-a4b5-52a1b5c33732",
"config_id": "loading_message",
"scope": "<Scope.SCENARIO: 1>",
"storage_type": "pickle",
"name": null,
"owner_id": "SCENARIO_scenario_bead3d06-71ea-4e21-91ba-f261b12e8846",
"parent_ids": [
"TASK_build_msg_f0a8a006-743d-40b8-853f-1575ffb01a61"
],
"last_edit_date": "2024-01-29T10:38:59.708907",
"edits": [
{
"job_id": "JOB_build_msg_d6d14ab0-b4f2-4671-91b6-5b04ebaa27b9",
"timestamp": "2024-01-29T10:38:10.257546"
},
{
"job_id": "JOB_build_msg_cb4b1869-1e12-48ad-914a-c3efaf34031f",
"timestamp": "2024-01-29T10:38:59.708907"
}
],
"version": "b737f3f7-b07a-477f-92b0-746bb6b8e349",
"validity_days": null,
"validity_seconds": null,
"edit_in_progress": false,
"editor_id": null,
"editor_expiration_date": null,
"data_node_properties": {
"is_generated": true
}
}