{
"id": "DATANODE_message4_65686937-d22e-40c6-834f-a8ee9ceec5ed",
"config_id": "message4",
"scope": "<Scope.SCENARIO: 1>",
"storage_type": "pickle",
"name": null,
"owner_id": "SCENARIO_scenario_e6c9e283-082a-43cc-a69c-d351323312e0",
"parent_ids": [
"TASK_build_msg_epo_6a7ec57e-bdd0-4f16-a261-067d2b9fafa0"
],
"last_edit_date": "2024-01-28T02:04:30.075461",
"edits": [
{
"job_id": "JOB_build_msg_epo_f0c78f71-c358-4421-a89b-81bdce23a431",
"timestamp": "2024-01-28T02:04:30.075461"
}
],
"version": "b737f3f7-b07a-477f-92b0-746bb6b8e349",
"validity_days": null,
"validity_seconds": null,
"edit_in_progress": false,
"editor_id": null,
"editor_expiration_date": null,
"data_node_properties": {
"is_generated": true
}
}