{
"id": "DATANODE_message2_d1ecf195-67c8-4888-be93-b21b78b99135",
"config_id": "message2",
"scope": "<Scope.SCENARIO: 1>",
"storage_type": "pickle",
"name": null,
"owner_id": "SCENARIO_scenario_bead3d06-71ea-4e21-91ba-f261b12e8846",
"parent_ids": [
"TASK_build_msg_vel_3c650c7b-5c97-48eb-acd3-6a4987434137"
],
"last_edit_date": "2024-01-29T10:38:59.108548",
"edits": [
{
"job_id": "JOB_build_msg_vel_6b8309c0-df25-44db-8371-99acd6f6f02e",
"timestamp": "2024-01-29T10:38:10.001427"
},
{
"job_id": "JOB_build_msg_vel_74e01c20-82b4-4244-ade5-f66736b923b2",
"timestamp": "2024-01-29T10:38:59.108548"
}
],
"version": "b737f3f7-b07a-477f-92b0-746bb6b8e349",
"validity_days": null,
"validity_seconds": null,
"edit_in_progress": false,
"editor_id": null,
"editor_expiration_date": null,
"data_node_properties": {
"is_generated": true
}
}