{
"id": "DATANODE_message2_54d13804-e1cd-4561-9ff7-a30667abab04",
"config_id": "message2",
"scope": "<Scope.SCENARIO: 1>",
"storage_type": "pickle",
"name": null,
"owner_id": "SCENARIO_scenario_43738c13-fe64-4faf-86f0-dd8c63e9af37",
"parent_ids": [
"TASK_build_msg_vel_6b97427e-0c23-4010-aaf2-df27dedf5c49"
],
"last_edit_date": "2024-01-27T23:21:36.116058",
"edits": [
{
"job_id": "JOB_build_msg_vel_0b0421ab-d569-4d18-9fee-82384ac33cb1",
"timestamp": "2024-01-27T23:20:42.454836"
},
{
"job_id": "JOB_build_msg_vel_a4117869-be0a-42a3-ae82-951007ca26f4",
"timestamp": "2024-01-27T23:21:36.116058"
}
],
"version": "b737f3f7-b07a-477f-92b0-746bb6b8e349",
"validity_days": null,
"validity_seconds": null,
"edit_in_progress": false,
"editor_id": null,
"editor_expiration_date": null,
"data_node_properties": {
"is_generated": true
}
}