{
"id": "DATANODE_input_name_246a54ab-9911-4195-9bec-9c40deeaba27",
"config_id": "input_name",
"scope": "<Scope.SCENARIO: 1>",
"storage_type": "pickle",
"name": null,
"owner_id": "SCENARIO_scenario_43738c13-fe64-4faf-86f0-dd8c63e9af37",
"parent_ids": [
"TASK_build_msg_accel_45b1e83e-884b-43b8-98e9-1efa344185ac",
"TASK_build_msg_d3559fa1-3f06-4e66-b6a2-5c4efef1121c"
],
"last_edit_date": "2024-01-27T23:21:13.986805",
"edits": [
{
"timestamp": "2024-01-27T23:20:33.394280"
},
{
"timestamp": "2024-01-27T23:21:13.986805"
}
],
"version": "b737f3f7-b07a-477f-92b0-746bb6b8e349",
"validity_days": null,
"validity_seconds": null,
"edit_in_progress": false,
"editor_id": null,
"editor_expiration_date": null,
"data_node_properties": {
"is_generated": true
}
}