{
"id": "DATANODE_loading_message_45394523-397b-49c1-a537-82e395520cf6",
"config_id": "loading_message",
"scope": "<Scope.SCENARIO: 1>",
"storage_type": "pickle",
"name": null,
"owner_id": "SCENARIO_scenario_43738c13-fe64-4faf-86f0-dd8c63e9af37",
"parent_ids": [
"TASK_build_msg_d3559fa1-3f06-4e66-b6a2-5c4efef1121c"
],
"last_edit_date": "2024-01-27T23:21:56.897921",
"edits": [
{
"job_id": "JOB_build_msg_e269280c-ef3f-4e4d-b824-1c71a5c80585",
"timestamp": "2024-01-27T23:20:46.373135"
},
{
"job_id": "JOB_build_msg_4309d66e-b80e-4410-814f-bf54ee51614b",
"timestamp": "2024-01-27T23:21:56.897921"
}
],
"version": "b737f3f7-b07a-477f-92b0-746bb6b8e349",
"validity_days": null,
"validity_seconds": null,
"edit_in_progress": false,
"editor_id": null,
"editor_expiration_date": null,
"data_node_properties": {
"is_generated": true
}
}