{
"id": "DATANODE_message_bcc3c1e8-70ef-437c-90fa-220954ec87b1",
"config_id": "message",
"scope": "<Scope.SCENARIO: 1>",
"storage_type": "pickle",
"name": null,
"owner_id": "SCENARIO_scenario_43738c13-fe64-4faf-86f0-dd8c63e9af37",
"parent_ids": [
"TASK_build_msg_accel_45b1e83e-884b-43b8-98e9-1efa344185ac"
],
"last_edit_date": "2024-01-27T23:22:03.206941",
"edits": [
{
"job_id": "JOB_build_msg_accel_eab92abd-6e26-4475-90dd-af85f8edcb66",
"timestamp": "2024-01-27T23:20:47.498478"
},
{
"job_id": "JOB_build_msg_accel_c1c618bd-0041-4e7e-898b-9ce2c64a88c4",
"timestamp": "2024-01-27T23:22:03.206941"
}
],
"version": "b737f3f7-b07a-477f-92b0-746bb6b8e349",
"validity_days": null,
"validity_seconds": null,
"edit_in_progress": false,
"editor_id": null,
"editor_expiration_date": null,
"data_node_properties": {
"is_generated": true
}
}