{
"id": "DATANODE_input_name3_ec2452ec-fb5e-4266-8b9a-38fbf7be15ff",
"config_id": "input_name3",
"scope": "<Scope.SCENARIO: 1>",
"storage_type": "pickle",
"name": null,
"owner_id": "SCENARIO_scenario_43738c13-fe64-4faf-86f0-dd8c63e9af37",
"parent_ids": [
"TASK_build_msg_pos_52493296-d455-4d8e-98bc-8553bbb63abc"
],
"last_edit_date": "2024-01-27T23:21:18.830672",
"edits": [
{
"timestamp": "2024-01-27T23:20:35.436212"
},
{
"timestamp": "2024-01-27T23:21:18.830672"
}
],
"version": "b737f3f7-b07a-477f-92b0-746bb6b8e349",
"validity_days": null,
"validity_seconds": null,
"edit_in_progress": false,
"editor_id": null,
"editor_expiration_date": null,
"data_node_properties": {
"is_generated": true
}
}