{
"id": "DATANODE_message3_f6928dc1-3124-4c62-8599-463ef44d0063",
"config_id": "message3",
"scope": "<Scope.SCENARIO: 1>",
"storage_type": "pickle",
"name": null,
"owner_id": "SCENARIO_scenario_bead3d06-71ea-4e21-91ba-f261b12e8846",
"parent_ids": [
"TASK_build_msg_pos_c168dfd7-4586-41cf-a855-af667d14ec3b"
],
"last_edit_date": "2024-01-29T10:39:00.205521",
"edits": [
{
"job_id": "JOB_build_msg_pos_27f3589c-79b2-4fb0-b2d1-3a787a90c73d",
"timestamp": "2024-01-29T10:38:10.617758"
},
{
"job_id": "JOB_build_msg_pos_a1efcacf-2016-4a86-98cb-12e8e88458cc",
"timestamp": "2024-01-29T10:39:00.205521"
}
],
"version": "b737f3f7-b07a-477f-92b0-746bb6b8e349",
"validity_days": null,
"validity_seconds": null,
"edit_in_progress": false,
"editor_id": null,
"editor_expiration_date": null,
"data_node_properties": {
"is_generated": true
}
}