{
"id": "DATANODE_input_name_9f70efbb-f2c3-47a2-811e-a1908abefedb",
"config_id": "input_name",
"scope": "<Scope.SCENARIO: 1>",
"storage_type": "pickle",
"name": null,
"owner_id": "SCENARIO_scenario_bead3d06-71ea-4e21-91ba-f261b12e8846",
"parent_ids": [
"TASK_build_msg_f0a8a006-743d-40b8-853f-1575ffb01a61",
"TASK_build_msg_accel_c46bfc7a-ea26-4ef4-a7e0-47e267f0f0aa"
],
"last_edit_date": "2024-01-29T10:38:54.640138",
"edits": [
{
"timestamp": "2024-01-29T10:38:07.774808"
},
{
"timestamp": "2024-01-29T10:38:54.640138"
}
],
"version": "b737f3f7-b07a-477f-92b0-746bb6b8e349",
"validity_days": null,
"validity_seconds": null,
"edit_in_progress": false,
"editor_id": null,
"editor_expiration_date": null,
"data_node_properties": {
"is_generated": true
}
}