{
"id": "DATANODE_input_name4_4fea6683-2fce-4272-a819-a16b756ff0dd",
"config_id": "input_name4",
"scope": "<Scope.SCENARIO: 1>",
"storage_type": "pickle",
"name": null,
"owner_id": "SCENARIO_scenario_e6c9e283-082a-43cc-a69c-d351323312e0",
"parent_ids": [
"TASK_build_msg_epo_6a7ec57e-bdd0-4f16-a261-067d2b9fafa0"
],
"last_edit_date": "2024-01-28T02:04:28.369331",
"edits": [
{
"timestamp": "2024-01-28T02:04:28.369331"
}
],
"version": "b737f3f7-b07a-477f-92b0-746bb6b8e349",
"validity_days": null,
"validity_seconds": null,
"edit_in_progress": false,
"editor_id": null,
"editor_expiration_date": null,
"data_node_properties": {
"is_generated": true
}
}