{
"id": "JOB_build_msg_accel_d244efa8-b995-492c-9a1b-e02e15c31518",
"task_id": "TASK_build_msg_accel_a1b4730d-8b33-4852-90b1-07f42df84ade",
"status": "<Status.COMPLETED: 7>",
"force": false,
"submit_id": "SUBMISSION_382ef9bc-d6b5-4e08-bade-e7d1a40d8f42",
"submit_entity_id": "SCENARIO_scenario_e6c9e283-082a-43cc-a69c-d351323312e0",
"creation_date": "2024-01-28T02:04:28.803151",
"subscribers": [
{
"fct_name": "_Orchestrator._on_status_change",
"fct_params": [],
"fct_module": "taipy.core._orchestrator._orchestrator"
}
],
"stacktrace": [],
"version": "b737f3f7-b07a-477f-92b0-746bb6b8e349"
}