{
"id": "JOB_build_msg_epo_70daae4d-5134-4a72-b697-859b1859289a",
"task_id": "TASK_build_msg_epo_8582b776-003f-4d0d-9f25-118e2c7424da",
"status": "<Status.COMPLETED: 7>",
"force": false,
"submit_id": "SUBMISSION_a9259822-33aa-4f25-bbb1-41e21cc62893",
"submit_entity_id": "SCENARIO_scenario_bead3d06-71ea-4e21-91ba-f261b12e8846",
"creation_date": "2024-01-29T10:38:56.842561",
"subscribers": [
{
"fct_name": "_Orchestrator._on_status_change",
"fct_params": [],
"fct_module": "taipy.core._orchestrator._orchestrator"
}
],
"stacktrace": [],
"version": "b737f3f7-b07a-477f-92b0-746bb6b8e349"
}