{
"id": "JOB_build_msg_vel_f412ae64-74c6-4525-a205-672b7bd2a4b3",
"task_id": "TASK_build_msg_vel_ffad637d-cccb-450c-91ea-35097f89b096",
"status": "<Status.COMPLETED: 7>",
"force": false,
"submit_id": "SUBMISSION_382ef9bc-d6b5-4e08-bade-e7d1a40d8f42",
"submit_entity_id": "SCENARIO_scenario_e6c9e283-082a-43cc-a69c-d351323312e0",
"creation_date": "2024-01-28T02:04:29.134064",
"subscribers": [
{
"fct_name": "_Orchestrator._on_status_change",
"fct_params": [],
"fct_module": "taipy.core._orchestrator._orchestrator"
}
],
"stacktrace": [],
"version": "b737f3f7-b07a-477f-92b0-746bb6b8e349"
}