{
"id": "JOB_build_msg_e269280c-ef3f-4e4d-b824-1c71a5c80585",
"task_id": "TASK_build_msg_d3559fa1-3f06-4e66-b6a2-5c4efef1121c",
"status": "<Status.COMPLETED: 7>",
"force": false,
"submit_id": "SUBMISSION_00b1a670-ae6f-46cd-ae2c-1646a2e8fa3b",
"submit_entity_id": "SCENARIO_scenario_43738c13-fe64-4faf-86f0-dd8c63e9af37",
"creation_date": "2024-01-27T23:20:40.383109",
"subscribers": [
{
"fct_name": "_Orchestrator._on_status_change",
"fct_params": [],
"fct_module": "taipy.core._orchestrator._orchestrator"
}
],
"stacktrace": [],
"version": "b737f3f7-b07a-477f-92b0-746bb6b8e349"
}