{
"id": "JOB_build_msg_epo_57b19920-cda5-4bf7-a79e-da66a1fd60e3",
"task_id": "TASK_build_msg_epo_d1cd3928-4a8c-426b-a9e7-01bb037637f6",
"status": "<Status.COMPLETED: 7>",
"force": false,
"submit_id": "SUBMISSION_00b1a670-ae6f-46cd-ae2c-1646a2e8fa3b",
"submit_entity_id": "SCENARIO_scenario_43738c13-fe64-4faf-86f0-dd8c63e9af37",
"creation_date": "2024-01-27T23:20:38.970632",
"subscribers": [
{
"fct_name": "_Orchestrator._on_status_change",
"fct_params": [],
"fct_module": "taipy.core._orchestrator._orchestrator"
}
],
"stacktrace": [],
"version": "b737f3f7-b07a-477f-92b0-746bb6b8e349"
}