{
"id": "JOB_build_msg_accel_c1c618bd-0041-4e7e-898b-9ce2c64a88c4",
"task_id": "TASK_build_msg_accel_45b1e83e-884b-43b8-98e9-1efa344185ac",
"status": "<Status.COMPLETED: 7>",
"force": false,
"submit_id": "SUBMISSION_b325081c-2e17-4d4f-a486-6cf0c032f06f",
"submit_entity_id": "SCENARIO_scenario_43738c13-fe64-4faf-86f0-dd8c63e9af37",
"creation_date": "2024-01-27T23:21:32.760031",
"subscribers": [
{
"fct_name": "_Orchestrator._on_status_change",
"fct_params": [],
"fct_module": "taipy.core._orchestrator._orchestrator"
}
],
"stacktrace": [],
"version": "b737f3f7-b07a-477f-92b0-746bb6b8e349"
}