{
"id": "JOB_build_msg_7f2e6d42-667b-49c8-9342-d79c5afc87bf",
"task_id": "TASK_build_msg_73ca053d-7531-4f7e-9958-4e8b32afc879",
"status": "<Status.COMPLETED: 7>",
"force": false,
"submit_id": "SUBMISSION_382ef9bc-d6b5-4e08-bade-e7d1a40d8f42",
"submit_entity_id": "SCENARIO_scenario_e6c9e283-082a-43cc-a69c-d351323312e0",
"creation_date": "2024-01-28T02:04:28.926438",
"subscribers": [
{
"fct_name": "_Orchestrator._on_status_change",
"fct_params": [],
"fct_module": "taipy.core._orchestrator._orchestrator"
}
],
"stacktrace": [],
"version": "b737f3f7-b07a-477f-92b0-746bb6b8e349"
}