{
"id": "JOB_build_msg_vel_6b8309c0-df25-44db-8371-99acd6f6f02e",
"task_id": "TASK_build_msg_vel_3c650c7b-5c97-48eb-acd3-6a4987434137",
"status": "<Status.COMPLETED: 7>",
"force": false,
"submit_id": "SUBMISSION_a05a964c-66b5-4242-ad55-e03400fbbdb9",
"submit_entity_id": "SCENARIO_scenario_bead3d06-71ea-4e21-91ba-f261b12e8846",
"creation_date": "2024-01-29T10:38:08.992031",
"subscribers": [
{
"fct_name": "_Orchestrator._on_status_change",
"fct_params": [],
"fct_module": "taipy.core._orchestrator._orchestrator"
}
],
"stacktrace": [],
"version": "b737f3f7-b07a-477f-92b0-746bb6b8e349"
}