{
"id": "JOB_build_msg_epo_91ce1acb-f04a-4414-a758-2cdf3c11dc38",
"task_id": "TASK_build_msg_epo_d1cd3928-4a8c-426b-a9e7-01bb037637f6",
"status": "<Status.COMPLETED: 7>",
"force": false,
"submit_id": "SUBMISSION_b325081c-2e17-4d4f-a486-6cf0c032f06f",
"submit_entity_id": "SCENARIO_scenario_43738c13-fe64-4faf-86f0-dd8c63e9af37",
"creation_date": "2024-01-27T23:21:28.008291",
"subscribers": [
{
"fct_name": "_Orchestrator._on_status_change",
"fct_params": [],
"fct_module": "taipy.core._orchestrator._orchestrator"
}
],
"stacktrace": [],
"version": "b737f3f7-b07a-477f-92b0-746bb6b8e349"
}