{
"id": "TASK_build_msg_pos_c168dfd7-4586-41cf-a855-af667d14ec3b",
"owner_id": "SCENARIO_scenario_bead3d06-71ea-4e21-91ba-f261b12e8846",
"parent_ids": [
"SCENARIO_scenario_bead3d06-71ea-4e21-91ba-f261b12e8846"
],
"config_id": "build_msg_pos",
"input_ids": [
"DATANODE_input_name3_65431a80-4aaf-427f-b2c5-48043d7dcbb4"
],
"function_name": "build_message_pos",
"function_module": "__main__",
"output_ids": [
"DATANODE_message3_f6928dc1-3124-4c62-8599-463ef44d0063"
],
"version": "b737f3f7-b07a-477f-92b0-746bb6b8e349",
"skippable": false,
"properties": {}
}