{
"id": "TASK_build_msg_pos_52493296-d455-4d8e-98bc-8553bbb63abc",
"owner_id": "SCENARIO_scenario_43738c13-fe64-4faf-86f0-dd8c63e9af37",
"parent_ids": [
"SCENARIO_scenario_43738c13-fe64-4faf-86f0-dd8c63e9af37"
],
"config_id": "build_msg_pos",
"input_ids": [
"DATANODE_input_name3_ec2452ec-fb5e-4266-8b9a-38fbf7be15ff"
],
"function_name": "build_message_pos",
"function_module": "__main__",
"output_ids": [
"DATANODE_message3_48cac05d-476a-47f7-8995-a8889d6f74f9"
],
"version": "b737f3f7-b07a-477f-92b0-746bb6b8e349",
"skippable": false,
"properties": {}
}