{
"id": "TASK_build_msg_accel_a1b4730d-8b33-4852-90b1-07f42df84ade",
"owner_id": "SCENARIO_scenario_e6c9e283-082a-43cc-a69c-d351323312e0",
"parent_ids": [
"SCENARIO_scenario_e6c9e283-082a-43cc-a69c-d351323312e0"
],
"config_id": "build_msg_accel",
"input_ids": [
"DATANODE_input_name_39aa2082-469e-4db3-85db-9d9f7aa0ee43"
],
"function_name": "build_message_accel",
"function_module": "__main__",
"output_ids": [
"DATANODE_message_bd416617-69ba-456a-8ef6-5553a10f9bd3"
],
"version": "b737f3f7-b07a-477f-92b0-746bb6b8e349",
"skippable": false,
"properties": {}
}