{
"id": "TASK_build_msg_d3559fa1-3f06-4e66-b6a2-5c4efef1121c",
"owner_id": "SCENARIO_scenario_43738c13-fe64-4faf-86f0-dd8c63e9af37",
"parent_ids": [
"SCENARIO_scenario_43738c13-fe64-4faf-86f0-dd8c63e9af37"
],
"config_id": "build_msg",
"input_ids": [
"DATANODE_input_name_246a54ab-9911-4195-9bec-9c40deeaba27"
],
"function_name": "build_message",
"function_module": "__main__",
"output_ids": [
"DATANODE_loading_message_45394523-397b-49c1-a537-82e395520cf6"
],
"version": "b737f3f7-b07a-477f-92b0-746bb6b8e349",
"skippable": false,
"properties": {}
}