{
"id": "TASK_build_msg_epo_8582b776-003f-4d0d-9f25-118e2c7424da",
"owner_id": "SCENARIO_scenario_bead3d06-71ea-4e21-91ba-f261b12e8846",
"parent_ids": [
"SCENARIO_scenario_bead3d06-71ea-4e21-91ba-f261b12e8846"
],
"config_id": "build_msg_epo",
"input_ids": [
"DATANODE_input_name4_9a3f2259-6ef7-460b-b472-778644c6bb43"
],
"function_name": "build_message_epo",
"function_module": "__main__",
"output_ids": [
"DATANODE_message4_261ef40d-55c8-4541-ae86-3a47a7307ba0"
],
"version": "b737f3f7-b07a-477f-92b0-746bb6b8e349",
"skippable": false,
"properties": {}
}