{
"id": "TASK_build_msg_accel_c46bfc7a-ea26-4ef4-a7e0-47e267f0f0aa",
"owner_id": "SCENARIO_scenario_bead3d06-71ea-4e21-91ba-f261b12e8846",
"parent_ids": [
"SCENARIO_scenario_bead3d06-71ea-4e21-91ba-f261b12e8846"
],
"config_id": "build_msg_accel",
"input_ids": [
"DATANODE_input_name_9f70efbb-f2c3-47a2-811e-a1908abefedb"
],
"function_name": "build_message_accel",
"function_module": "__main__",
"output_ids": [
"DATANODE_message_dd675bca-2a16-4ea3-b3ff-6ec690eeede8"
],
"version": "b737f3f7-b07a-477f-92b0-746bb6b8e349",
"skippable": false,
"properties": {}
}