{
"id": "TASK_build_msg_pos_68ec79ff-0f96-4dd6-8058-3775effcfeea",
"owner_id": "SCENARIO_scenario_e6c9e283-082a-43cc-a69c-d351323312e0",
"parent_ids": [
"SCENARIO_scenario_e6c9e283-082a-43cc-a69c-d351323312e0"
],
"config_id": "build_msg_pos",
"input_ids": [
"DATANODE_input_name3_37c749e7-bfeb-4e5b-8a8a-ceb27a783ed7"
],
"function_name": "build_message_pos",
"function_module": "__main__",
"output_ids": [
"DATANODE_message3_94efd2bf-861b-4993-b7ec-c755a2ea8b56"
],
"version": "b737f3f7-b07a-477f-92b0-746bb6b8e349",
"skippable": false,
"properties": {}
}