{
"id": "TASK_build_msg_accel_45b1e83e-884b-43b8-98e9-1efa344185ac",
"owner_id": "SCENARIO_scenario_43738c13-fe64-4faf-86f0-dd8c63e9af37",
"parent_ids": [
"SCENARIO_scenario_43738c13-fe64-4faf-86f0-dd8c63e9af37"
],
"config_id": "build_msg_accel",
"input_ids": [
"DATANODE_input_name_246a54ab-9911-4195-9bec-9c40deeaba27"
],
"function_name": "build_message_accel",
"function_module": "__main__",
"output_ids": [
"DATANODE_message_bcc3c1e8-70ef-437c-90fa-220954ec87b1"
],
"version": "b737f3f7-b07a-477f-92b0-746bb6b8e349",
"skippable": false,
"properties": {}
}