{
"id": "TASK_build_msg_vel_6b97427e-0c23-4010-aaf2-df27dedf5c49",
"owner_id": "SCENARIO_scenario_43738c13-fe64-4faf-86f0-dd8c63e9af37",
"parent_ids": [
"SCENARIO_scenario_43738c13-fe64-4faf-86f0-dd8c63e9af37"
],
"config_id": "build_msg_vel",
"input_ids": [
"DATANODE_input_name2_752d77c8-dcdb-4baa-aefd-9234b31bb07f"
],
"function_name": "build_message_vel",
"function_module": "__main__",
"output_ids": [
"DATANODE_message2_54d13804-e1cd-4561-9ff7-a30667abab04"
],
"version": "b737f3f7-b07a-477f-92b0-746bb6b8e349",
"skippable": false,
"properties": {}
}