{
"id": "TASK_build_msg_epo_d1cd3928-4a8c-426b-a9e7-01bb037637f6",
"owner_id": "SCENARIO_scenario_43738c13-fe64-4faf-86f0-dd8c63e9af37",
"parent_ids": [
"SCENARIO_scenario_43738c13-fe64-4faf-86f0-dd8c63e9af37"
],
"config_id": "build_msg_epo",
"input_ids": [
"DATANODE_input_name4_374d8c5e-429a-4564-b56e-472d30e479cd"
],
"function_name": "build_message_epo",
"function_module": "__main__",
"output_ids": [
"DATANODE_message4_5f253f6c-c98e-49eb-ac91-cd2de5419487"
],
"version": "b737f3f7-b07a-477f-92b0-746bb6b8e349",
"skippable": false,
"properties": {}
}