{
"id": "TASK_build_msg_epo_6a7ec57e-bdd0-4f16-a261-067d2b9fafa0",
"owner_id": "SCENARIO_scenario_e6c9e283-082a-43cc-a69c-d351323312e0",
"parent_ids": [
"SCENARIO_scenario_e6c9e283-082a-43cc-a69c-d351323312e0"
],
"config_id": "build_msg_epo",
"input_ids": [
"DATANODE_input_name4_4fea6683-2fce-4272-a819-a16b756ff0dd"
],
"function_name": "build_message_epo",
"function_module": "__main__",
"output_ids": [
"DATANODE_message4_65686937-d22e-40c6-834f-a8ee9ceec5ed"
],
"version": "b737f3f7-b07a-477f-92b0-746bb6b8e349",
"skippable": false,
"properties": {}
}