{
"id": "TASK_build_msg_vel_ffad637d-cccb-450c-91ea-35097f89b096",
"owner_id": "SCENARIO_scenario_e6c9e283-082a-43cc-a69c-d351323312e0",
"parent_ids": [
"SCENARIO_scenario_e6c9e283-082a-43cc-a69c-d351323312e0"
],
"config_id": "build_msg_vel",
"input_ids": [
"DATANODE_input_name2_a9dca5ae-9a10-4e4b-a618-aacd114a3950"
],
"function_name": "build_message_vel",
"function_module": "__main__",
"output_ids": [
"DATANODE_message2_db30637c-6cc0-46c2-9aca-10947b94d5e4"
],
"version": "b737f3f7-b07a-477f-92b0-746bb6b8e349",
"skippable": false,
"properties": {}
}