{
"id": "TASK_build_msg_73ca053d-7531-4f7e-9958-4e8b32afc879",
"owner_id": "SCENARIO_scenario_e6c9e283-082a-43cc-a69c-d351323312e0",
"parent_ids": [
"SCENARIO_scenario_e6c9e283-082a-43cc-a69c-d351323312e0"
],
"config_id": "build_msg",
"input_ids": [
"DATANODE_input_name_39aa2082-469e-4db3-85db-9d9f7aa0ee43"
],
"function_name": "build_message",
"function_module": "__main__",
"output_ids": [
"DATANODE_loading_message_bd33ec6d-a300-478a-9181-c695871bb411"
],
"version": "b737f3f7-b07a-477f-92b0-746bb6b8e349",
"skippable": false,
"properties": {}
}