{
"id": "TASK_build_msg_vel_3c650c7b-5c97-48eb-acd3-6a4987434137",
"owner_id": "SCENARIO_scenario_bead3d06-71ea-4e21-91ba-f261b12e8846",
"parent_ids": [
"SCENARIO_scenario_bead3d06-71ea-4e21-91ba-f261b12e8846"
],
"config_id": "build_msg_vel",
"input_ids": [
"DATANODE_input_name2_b6507384-c8ac-4593-a731-6ead3b527894"
],
"function_name": "build_message_vel",
"function_module": "__main__",
"output_ids": [
"DATANODE_message2_d1ecf195-67c8-4888-be93-b21b78b99135"
],
"version": "b737f3f7-b07a-477f-92b0-746bb6b8e349",
"skippable": false,
"properties": {}
}