{
"id": "TASK_build_msg_f0a8a006-743d-40b8-853f-1575ffb01a61",
"owner_id": "SCENARIO_scenario_bead3d06-71ea-4e21-91ba-f261b12e8846",
"parent_ids": [
"SCENARIO_scenario_bead3d06-71ea-4e21-91ba-f261b12e8846"
],
"config_id": "build_msg",
"input_ids": [
"DATANODE_input_name_9f70efbb-f2c3-47a2-811e-a1908abefedb"
],
"function_name": "build_message",
"function_module": "__main__",
"output_ids": [
"DATANODE_loading_message_c68e97f2-8c27-4ec8-a4b5-52a1b5c33732"
],
"version": "b737f3f7-b07a-477f-92b0-746bb6b8e349",
"skippable": false,
"properties": {}
}