{
"id": "b737f3f7-b07a-477f-92b0-746bb6b8e349",
"config": "{\n\"TAIPY\": {},\n\"gui\": {},\n\"JOB\": {\n\"mode\": \"development\",\n\"max_nb_of_workers\": \"1:int\"\n},\n\"VERSION_MIGRATION\": {\n\"migration_fcts\": {}\n},\n\"CORE\": {\n\"root_folder\": \"./taipy/\",\n\"storage_folder\": \".data/\",\n\"repository_type\": \"filesystem\",\n\"read_entity_retry\": \"1:int\",\n\"mode\": \"development\",\n\"version_number\": \"\",\n\"force\": \"False:bool\",\n\"core_version\": \"3.0.0\"\n},\n\"DATA_NODE\": {\n\"default\": {\n\"storage_type\": \"pickle\",\n\"scope\": \"SCENARIO:SCOPE\"\n},\n\"input_name\": {\n\"storage_type\": \"pickle\",\n\"scope\": \"SCENARIO:SCOPE\"\n},\n\"input_name2\": {\n\"storage_type\": \"pickle\",\n\"scope\": \"SCENARIO:SCOPE\"\n},\n\"input_name3\": {\n\"storage_type\": \"pickle\",\n\"scope\": \"SCENARIO:SCOPE\"\n},\n\"input_name4\": {\n\"storage_type\": \"pickle\",\n\"scope\": \"SCENARIO:SCOPE\"\n},\n\"loading_message\": {\n\"storage_type\": \"pickle\",\n\"scope\": \"SCENARIO:SCOPE\"\n},\n\"message\": {\n\"storage_type\": \"pickle\",\n\"scope\": \"SCENARIO:SCOPE\"\n},\n\"message2\": {\n\"storage_type\": \"pickle\",\n\"scope\": \"SCENARIO:SCOPE\"\n},\n\"message3\": {\n\"storage_type\": \"pickle\",\n\"scope\": \"SCENARIO:SCOPE\"\n},\n\"message4\": {\n\"storage_type\": \"pickle\",\n\"scope\": \"SCENARIO:SCOPE\"\n},\n\"plot\": {\n\"storage_type\": \"pickle\",\n\"scope\": \"SCENARIO:SCOPE\"\n}\n},\n\"TASK\": {\n\"default\": {\n\"function\": null,\n\"inputs\": [],\n\"outputs\": [],\n\"skippable\": \"False:bool\"\n},\n\"build_msg\": {\n\"function\": \"__main__.build_message:function\",\n\"inputs\": [\n\"input_name:SECTION\"\n],\n\"outputs\": [\n\"loading_message:SECTION\"\n],\n\"skippable\": \"False:bool\"\n},\n\"build_msg_accel\": {\n\"function\": \"__main__.build_message_accel:function\",\n\"inputs\": [\n\"input_name:SECTION\"\n],\n\"outputs\": [\n\"message:SECTION\"\n],\n\"skippable\": \"False:bool\"\n},\n\"build_msg_vel\": {\n\"function\": \"__main__.build_message_vel:function\",\n\"inputs\": [\n\"input_name2:SECTION\"\n],\n\"outputs\": [\n\"message2:SECTION\"\n],\n\"skippable\": \"False:bool\"\n},\n\"build_msg_pos\": {\n\"function\": \"__main__.build_message_pos:function\",\n\"inputs\": [\n\"input_name3:SECTION\"\n],\n\"outputs\": [\n\"message3:SECTION\"\n],\n\"skippable\": \"False:bool\"\n},\n\"build_msg_epo\": {\n\"function\": \"__main__.build_message_epo:function\",\n\"inputs\": [\n\"input_name4:SECTION\"\n],\n\"outputs\": [\n\"message4:SECTION\"\n],\n\"skippable\": \"False:bool\"\n}\n},\n\"SCENARIO\": {\n\"default\": {\n\"comparators\": {},\n\"tasks\": [],\n\"additional_data_nodes\": [],\n\"frequency\": null,\n\"sequences\": {}\n},\n\"scenario\": {\n\"comparators\": {},\n\"tasks\": [\n\"build_msg:SECTION\",\n\"build_msg_accel:SECTION\",\n\"build_msg_vel:SECTION\",\n\"build_msg_pos:SECTION\",\n\"build_msg_epo:SECTION\"\n],\n\"additional_data_nodes\": [],\n\"frequency\": null,\n\"sequences\": {}\n}\n}\n}",
"creation_date": "2024-01-29T10:37:48.485297"
}